{
  "meta_title": "",
  "meta_description": "Ofertas",
  "sections": [
    {
      "type": "banner-slider",
      "autoplay": 4000,
      "full_width": true,
      "slides": [
        {
          "start": "2025-05-09T18:18:47.277Z",
          "end": "2025-05-17T03:00:00.000Z",
          "img": "/img/uploads/neutro_bnr_sem2_venci_01.jpg",
          "link": "https://www.festcakes.com.br/k/ofertas?utm_source=site&utm_medium=banner&utm_campaign=ofertas-venc"
        },
        {
          "start": "2025-05-09T18:19:04.614Z",
          "end": "2025-05-17T03:00:11.817Z",
          "img": "/img/uploads/neutro_bnr_sem2_venci_02.jpg",
          "link": "https://www.festcakes.com.br/k/ofertas?utm_source=site&utm_medium=banner&utm_campaign=ofertas-venc"
        },
        {
          "start": "2025-05-13T18:22:21.758Z",
          "end": "2025-05-17T02:59:00.000Z",
          "img": "/img/uploads/festcakes_bnr_sem2_01.jpg",
          "link": "https://www.festcakes.com.br/search?term=recheio?utm_source=site&utm_medium=banner&utm_campaign=recheios-maio"
        },
        {
          "start": "2025-05-14T11:28:51.509Z",
          "end": "2025-05-17T02:59:50.022Z",
          "img": "/img/uploads/festcakes_bnr_sem2_02.jpg",
          "link": "https://www.festcakes.com.br/search?term=recheio?utm_source=site&utm_medium=banner&utm_campaign=recheios-maio"
        },
        {
          "start": "2025-05-14T15:16:56.492Z",
          "end": "2025-05-22T02:59:00.000Z",
          "img": "/img/uploads/festcakes_bnr_seara_primor_web.jpg",
          "link": "https://www.festcakes.com.br/pkf/gordura-vegetal-500g--primor?utm_source=site&utm_medium=banner&utm_campaign=primor"
        },
        {
          "start": "2025-05-17T03:00:00.000Z",
          "end": "2025-05-24T02:59:00.000Z",
          "img": "/img/uploads/neutro_bnr_mai_sem3_01.jpg",
          "link": "https://www.festcakes.com.br/search?term=amor?utm_source=site&utm_medium=banner&utm_campaign=namorados"
        },
        {
          "start": "2025-05-17T03:00:00.000Z",
          "end": "2025-05-24T02:59:00.000Z",
          "img": "/img/uploads/neutro_bnr_mai_sem3_02.jpg",
          "link": "https://www.festcakes.com.br/k/namorados?utm_source=site&utm_medium=banner&utm_campaign=namorados"
        },
        {
          "start": "2025-05-15T18:35:00.686Z",
          "end": "2025-05-31T02:59:00.000Z",
          "img": "/img/uploads/neutro_brn_mai_promo_nestle.jpg",
          "link": "https://www.festcakes.com.br/k/nestle?utm_source=site&utm_medium=banner&utm_campaign=nestle"
        },
        {
          "start": "2025-05-24T03:00:00.000Z",
          "end": "2025-06-02T02:59:00.000Z",
          "img": "/img/uploads/festcakes_bnr_sem4_01.jpg",
          "link": "https://www.festcakes.com.br/search?term=junina?utm_source=site&utm_medium=banner&utm_campaign=junina"
        },
        {
          "start": "2025-05-24T03:00:00.000Z",
          "end": "2025-06-02T02:59:00.000Z",
          "img": "/img/uploads/festcakes_bnr_sem4_02.jpg",
          "link": "https://www.festcakes.com.br/search?term=junina?utm_source=site&utm_medium=banner&utm_campaign=junina"
        },
        {
          "start": "2025-05-24T03:00:00.000Z",
          "end": "2025-06-02T02:59:00.000Z",
          "img": "/img/uploads/festcakes_bnr_sem4_03.jpg",
          "link": "https://www.festcakes.com.br/k/chicobento?utm_source=site&utm_medium=banner&utm_campaign=chicobento"
        }
      ]
    },
    {
      "type": "info-bar",
      "enabled": true
    },
    {
      "type": "collection-shelf",
      "shuffle": true,
      "collection_id": null,
      "sort": "offers",
      "title": "Aqui tem promoção todo dia",
      "headless": false,
      "limit": 12,
      "page": 1
    },
    {
      "type": "collection-shelf",
      "shuffle": true,
      "limit": 12,
      "page": 1,
      "sort": "sales",
      "title": "Mais Vendidos",
      "autoplay": ""
    },
    {
      "type": "collection-shelf",
      "shuffle": true,
      "limit": 12,
      "page": 1,
      "title": "Lançamentos",
      "sort": "news"
    },
    {
      "type": "collection-shelf",
      "shuffle": true,
      "limit": 12,
      "page": 1,
      "sort": "views",
      "title": "Destaques",
      "link": "Destaques"
    }
  ]
}